run_id,task_id,detector,stop_step,stop_utility,oracle_step,oracle_utility,oracle_gap,false_early,false_late,false_late_severity
deepseek_r1_distill_1p5b__gsm8k_train_00000_b5828bc4__temp0.10__seed7,gsm8k_train_00000_b5828bc4,oracle,2,0.95,2,0.95,0.0,0,0,0
deepseek_r1_distill_1p5b__gsm8k_train_00000_b5828bc4__temp0.10__seed7,gsm8k_train_00000_b5828bc4,first_answer,1,0.0,2,0.95,0.95,1,0,0
deepseek_r1_distill_1p5b__gsm8k_train_00000_b5828bc4__temp0.10__seed7,gsm8k_train_00000_b5828bc4,verifier_first_correct,2,0.95,2,0.95,0.0,0,0,0
deepseek_r1_distill_1p5b__gsm8k_train_00000_b5828bc4__temp0.10__seed7,gsm8k_train_00000_b5828bc4,answer_stability,10,0.55,2,0.95,0.3999999999999999,0,1,8
deepseek_r1_distill_1p5b__gsm8k_train_00000_b5828bc4__temp0.10__seed7,gsm8k_train_00000_b5828bc4,entropy_plateau,3,0.9,2,0.95,0.04999999999999993,0,1,1
deepseek_r1_distill_1p5b__gsm8k_train_00000_b5828bc4__temp0.10__seed7,gsm8k_train_00000_b5828bc4,hazard_drift,3,0.9,2,0.95,0.04999999999999993,0,1,1
deepseek_r1_distill_1p5b__gsm8k_train_00000_b5828bc4__temp0.10__seed7,gsm8k_train_00000_b5828bc4,empirical_bernstein,9,0.6,2,0.95,0.35,0,1,7
deepseek_r1_distill_1p5b__gsm8k_train_00000_b5828bc4__temp0.10__seed7,gsm8k_train_00000_b5828bc4,never_stop,10,0.55,2,0.95,0.3999999999999999,0,1,8
deepseek_r1_distill_1p5b__gsm8k_train_00001_3691caf7__temp0.10__seed7,gsm8k_train_00001_3691caf7,oracle,3,0.9,3,0.9,0.0,0,0,0
deepseek_r1_distill_1p5b__gsm8k_train_00001_3691caf7__temp0.10__seed7,gsm8k_train_00001_3691caf7,first_answer,1,0.0,3,0.9,0.9,1,0,0
deepseek_r1_distill_1p5b__gsm8k_train_00001_3691caf7__temp0.10__seed7,gsm8k_train_00001_3691caf7,verifier_first_correct,3,0.9,3,0.9,0.0,0,0,0
deepseek_r1_distill_1p5b__gsm8k_train_00001_3691caf7__temp0.10__seed7,gsm8k_train_00001_3691caf7,answer_stability,10,-0.45,3,0.9,1.35,0,1,7
deepseek_r1_distill_1p5b__gsm8k_train_00001_3691caf7__temp0.10__seed7,gsm8k_train_00001_3691caf7,entropy_plateau,5,-0.2,3,0.9,1.1,0,1,2
deepseek_r1_distill_1p5b__gsm8k_train_00001_3691caf7__temp0.10__seed7,gsm8k_train_00001_3691caf7,hazard_drift,2,-0.05,3,0.9,0.9500000000000001,1,0,0
deepseek_r1_distill_1p5b__gsm8k_train_00001_3691caf7__temp0.10__seed7,gsm8k_train_00001_3691caf7,empirical_bernstein,9,-0.4,3,0.9,1.3,0,1,6
deepseek_r1_distill_1p5b__gsm8k_train_00001_3691caf7__temp0.10__seed7,gsm8k_train_00001_3691caf7,never_stop,10,-0.45,3,0.9,1.35,0,1,7
deepseek_r1_distill_1p5b__gsm8k_train_00002_ae407466__temp0.10__seed7,gsm8k_train_00002_ae407466,oracle,1,0.0,1,0.0,0.0,0,0,0
deepseek_r1_distill_1p5b__gsm8k_train_00002_ae407466__temp0.10__seed7,gsm8k_train_00002_ae407466,first_answer,1,0.0,1,0.0,0.0,0,0,0
deepseek_r1_distill_1p5b__gsm8k_train_00002_ae407466__temp0.10__seed7,gsm8k_train_00002_ae407466,verifier_first_correct,10,-0.45,1,0.0,0.45,0,1,9
deepseek_r1_distill_1p5b__gsm8k_train_00002_ae407466__temp0.10__seed7,gsm8k_train_00002_ae407466,answer_stability,10,-0.45,1,0.0,0.45,0,1,9
deepseek_r1_distill_1p5b__gsm8k_train_00002_ae407466__temp0.10__seed7,gsm8k_train_00002_ae407466,entropy_plateau,6,-0.25,1,0.0,0.25,0,1,5
deepseek_r1_distill_1p5b__gsm8k_train_00002_ae407466__temp0.10__seed7,gsm8k_train_00002_ae407466,hazard_drift,6,-0.25,1,0.0,0.25,0,1,5
deepseek_r1_distill_1p5b__gsm8k_train_00002_ae407466__temp0.10__seed7,gsm8k_train_00002_ae407466,empirical_bernstein,9,-0.4,1,0.0,0.4,0,1,8
deepseek_r1_distill_1p5b__gsm8k_train_00002_ae407466__temp0.10__seed7,gsm8k_train_00002_ae407466,never_stop,10,-0.45,1,0.0,0.45,0,1,9
deepseek_r1_distill_1p5b__gsm8k_train_00003_135cf83f__temp0.10__seed7,gsm8k_train_00003_135cf83f,oracle,2,0.95,2,0.95,0.0,0,0,0
deepseek_r1_distill_1p5b__gsm8k_train_00003_135cf83f__temp0.10__seed7,gsm8k_train_00003_135cf83f,first_answer,1,0.0,2,0.95,0.95,1,0,0
deepseek_r1_distill_1p5b__gsm8k_train_00003_135cf83f__temp0.10__seed7,gsm8k_train_00003_135cf83f,verifier_first_correct,2,0.95,2,0.95,0.0,0,0,0
deepseek_r1_distill_1p5b__gsm8k_train_00003_135cf83f__temp0.10__seed7,gsm8k_train_00003_135cf83f,answer_stability,10,0.55,2,0.95,0.3999999999999999,0,1,8
deepseek_r1_distill_1p5b__gsm8k_train_00003_135cf83f__temp0.10__seed7,gsm8k_train_00003_135cf83f,entropy_plateau,4,0.85,2,0.95,0.09999999999999998,0,1,2
deepseek_r1_distill_1p5b__gsm8k_train_00003_135cf83f__temp0.10__seed7,gsm8k_train_00003_135cf83f,hazard_drift,3,0.9,2,0.95,0.04999999999999993,0,1,1
deepseek_r1_distill_1p5b__gsm8k_train_00003_135cf83f__temp0.10__seed7,gsm8k_train_00003_135cf83f,empirical_bernstein,9,0.6,2,0.95,0.35,0,1,7
deepseek_r1_distill_1p5b__gsm8k_train_00003_135cf83f__temp0.10__seed7,gsm8k_train_00003_135cf83f,never_stop,10,0.55,2,0.95,0.3999999999999999,0,1,8
deepseek_r1_distill_1p5b__gsm8k_train_00004_3ee48c01__temp0.10__seed7,gsm8k_train_00004_3ee48c01,oracle,2,0.95,2,0.95,0.0,0,0,0
deepseek_r1_distill_1p5b__gsm8k_train_00004_3ee48c01__temp0.10__seed7,gsm8k_train_00004_3ee48c01,first_answer,1,0.0,2,0.95,0.95,1,0,0
deepseek_r1_distill_1p5b__gsm8k_train_00004_3ee48c01__temp0.10__seed7,gsm8k_train_00004_3ee48c01,verifier_first_correct,2,0.95,2,0.95,0.0,0,0,0
deepseek_r1_distill_1p5b__gsm8k_train_00004_3ee48c01__temp0.10__seed7,gsm8k_train_00004_3ee48c01,answer_stability,10,-0.45,2,0.95,1.4,0,1,8
deepseek_r1_distill_1p5b__gsm8k_train_00004_3ee48c01__temp0.10__seed7,gsm8k_train_00004_3ee48c01,entropy_plateau,4,-0.15,2,0.95,1.0999999999999999,0,1,2
deepseek_r1_distill_1p5b__gsm8k_train_00004_3ee48c01__temp0.10__seed7,gsm8k_train_00004_3ee48c01,hazard_drift,4,-0.15,2,0.95,1.0999999999999999,0,1,2
deepseek_r1_distill_1p5b__gsm8k_train_00004_3ee48c01__temp0.10__seed7,gsm8k_train_00004_3ee48c01,empirical_bernstein,9,-0.4,2,0.95,1.35,0,1,7
deepseek_r1_distill_1p5b__gsm8k_train_00004_3ee48c01__temp0.10__seed7,gsm8k_train_00004_3ee48c01,never_stop,10,-0.45,2,0.95,1.4,0,1,8
deepseek_r1_distill_1p5b__gsm8k_train_00005_d0817615__temp0.10__seed7,gsm8k_train_00005_d0817615,oracle,1,1.0,1,1.0,0.0,0,0,0
deepseek_r1_distill_1p5b__gsm8k_train_00005_d0817615__temp0.10__seed7,gsm8k_train_00005_d0817615,first_answer,1,1.0,1,1.0,0.0,0,0,0
deepseek_r1_distill_1p5b__gsm8k_train_00005_d0817615__temp0.10__seed7,gsm8k_train_00005_d0817615,verifier_first_correct,1,1.0,1,1.0,0.0,0,0,0
deepseek_r1_distill_1p5b__gsm8k_train_00005_d0817615__temp0.10__seed7,gsm8k_train_00005_d0817615,answer_stability,10,0.55,1,1.0,0.44999999999999996,0,1,9
deepseek_r1_distill_1p5b__gsm8k_train_00005_d0817615__temp0.10__seed7,gsm8k_train_00005_d0817615,entropy_plateau,2,0.95,1,1.0,0.050000000000000044,0,1,1
deepseek_r1_distill_1p5b__gsm8k_train_00005_d0817615__temp0.10__seed7,gsm8k_train_00005_d0817615,hazard_drift,2,0.95,1,1.0,0.050000000000000044,0,1,1
deepseek_r1_distill_1p5b__gsm8k_train_00005_d0817615__temp0.10__seed7,gsm8k_train_00005_d0817615,empirical_bernstein,9,0.6,1,1.0,0.4,0,1,8
deepseek_r1_distill_1p5b__gsm8k_train_00005_d0817615__temp0.10__seed7,gsm8k_train_00005_d0817615,never_stop,10,0.55,1,1.0,0.44999999999999996,0,1,9
deepseek_r1_distill_1p5b__gsm8k_train_00006_4cf43e2d__temp0.10__seed7,gsm8k_train_00006_4cf43e2d,oracle,1,1.0,1,1.0,0.0,0,0,0
deepseek_r1_distill_1p5b__gsm8k_train_00006_4cf43e2d__temp0.10__seed7,gsm8k_train_00006_4cf43e2d,first_answer,1,1.0,1,1.0,0.0,0,0,0
deepseek_r1_distill_1p5b__gsm8k_train_00006_4cf43e2d__temp0.10__seed7,gsm8k_train_00006_4cf43e2d,verifier_first_correct,1,1.0,1,1.0,0.0,0,0,0
deepseek_r1_distill_1p5b__gsm8k_train_00006_4cf43e2d__temp0.10__seed7,gsm8k_train_00006_4cf43e2d,answer_stability,10,-0.45,1,1.0,1.45,0,1,9
deepseek_r1_distill_1p5b__gsm8k_train_00006_4cf43e2d__temp0.10__seed7,gsm8k_train_00006_4cf43e2d,entropy_plateau,2,0.95,1,1.0,0.050000000000000044,0,1,1
deepseek_r1_distill_1p5b__gsm8k_train_00006_4cf43e2d__temp0.10__seed7,gsm8k_train_00006_4cf43e2d,hazard_drift,2,0.95,1,1.0,0.050000000000000044,0,1,1
deepseek_r1_distill_1p5b__gsm8k_train_00006_4cf43e2d__temp0.10__seed7,gsm8k_train_00006_4cf43e2d,empirical_bernstein,9,0.6,1,1.0,0.4,0,1,8
deepseek_r1_distill_1p5b__gsm8k_train_00006_4cf43e2d__temp0.10__seed7,gsm8k_train_00006_4cf43e2d,never_stop,10,-0.45,1,1.0,1.45,0,1,9
deepseek_r1_distill_1p5b__gsm8k_train_00007_40d1aba4__temp0.10__seed7,gsm8k_train_00007_40d1aba4,oracle,3,0.9,3,0.9,0.0,0,0,0
deepseek_r1_distill_1p5b__gsm8k_train_00007_40d1aba4__temp0.10__seed7,gsm8k_train_00007_40d1aba4,first_answer,1,0.0,3,0.9,0.9,1,0,0
deepseek_r1_distill_1p5b__gsm8k_train_00007_40d1aba4__temp0.10__seed7,gsm8k_train_00007_40d1aba4,verifier_first_correct,3,0.9,3,0.9,0.0,0,0,0
deepseek_r1_distill_1p5b__gsm8k_train_00007_40d1aba4__temp0.10__seed7,gsm8k_train_00007_40d1aba4,answer_stability,10,-0.45,3,0.9,1.35,0,1,7
deepseek_r1_distill_1p5b__gsm8k_train_00007_40d1aba4__temp0.10__seed7,gsm8k_train_00007_40d1aba4,entropy_plateau,10,-0.45,3,0.9,1.35,0,1,7
deepseek_r1_distill_1p5b__gsm8k_train_00007_40d1aba4__temp0.10__seed7,gsm8k_train_00007_40d1aba4,hazard_drift,10,-0.45,3,0.9,1.35,0,1,7
deepseek_r1_distill_1p5b__gsm8k_train_00007_40d1aba4__temp0.10__seed7,gsm8k_train_00007_40d1aba4,empirical_bernstein,9,0.6,3,0.9,0.30000000000000004,0,1,6
deepseek_r1_distill_1p5b__gsm8k_train_00007_40d1aba4__temp0.10__seed7,gsm8k_train_00007_40d1aba4,never_stop,10,-0.45,3,0.9,1.35,0,1,7
deepseek_r1_distill_1p5b__gsm8k_train_00008_cd4fe6cf__temp0.10__seed7,gsm8k_train_00008_cd4fe6cf,oracle,3,0.9,3,0.9,0.0,0,0,0
deepseek_r1_distill_1p5b__gsm8k_train_00008_cd4fe6cf__temp0.10__seed7,gsm8k_train_00008_cd4fe6cf,first_answer,1,0.0,3,0.9,0.9,1,0,0
deepseek_r1_distill_1p5b__gsm8k_train_00008_cd4fe6cf__temp0.10__seed7,gsm8k_train_00008_cd4fe6cf,verifier_first_correct,3,0.9,3,0.9,0.0,0,0,0
deepseek_r1_distill_1p5b__gsm8k_train_00008_cd4fe6cf__temp0.10__seed7,gsm8k_train_00008_cd4fe6cf,answer_stability,10,0.55,3,0.9,0.35,0,1,7
deepseek_r1_distill_1p5b__gsm8k_train_00008_cd4fe6cf__temp0.10__seed7,gsm8k_train_00008_cd4fe6cf,entropy_plateau,6,0.75,3,0.9,0.15000000000000002,0,1,3
deepseek_r1_distill_1p5b__gsm8k_train_00008_cd4fe6cf__temp0.10__seed7,gsm8k_train_00008_cd4fe6cf,hazard_drift,6,0.75,3,0.9,0.15000000000000002,0,1,3
deepseek_r1_distill_1p5b__gsm8k_train_00008_cd4fe6cf__temp0.10__seed7,gsm8k_train_00008_cd4fe6cf,empirical_bernstein,9,-0.4,3,0.9,1.3,0,1,6
deepseek_r1_distill_1p5b__gsm8k_train_00008_cd4fe6cf__temp0.10__seed7,gsm8k_train_00008_cd4fe6cf,never_stop,10,0.55,3,0.9,0.35,0,1,7
deepseek_r1_distill_1p5b__gsm8k_train_00009_a1cbbbd0__temp0.10__seed7,gsm8k_train_00009_a1cbbbd0,oracle,1,1.0,1,1.0,0.0,0,0,0
deepseek_r1_distill_1p5b__gsm8k_train_00009_a1cbbbd0__temp0.10__seed7,gsm8k_train_00009_a1cbbbd0,first_answer,1,1.0,1,1.0,0.0,0,0,0
deepseek_r1_distill_1p5b__gsm8k_train_00009_a1cbbbd0__temp0.10__seed7,gsm8k_train_00009_a1cbbbd0,verifier_first_correct,1,1.0,1,1.0,0.0,0,0,0
deepseek_r1_distill_1p5b__gsm8k_train_00009_a1cbbbd0__temp0.10__seed7,gsm8k_train_00009_a1cbbbd0,answer_stability,10,0.55,1,1.0,0.44999999999999996,0,1,9
deepseek_r1_distill_1p5b__gsm8k_train_00009_a1cbbbd0__temp0.10__seed7,gsm8k_train_00009_a1cbbbd0,entropy_plateau,9,-0.4,1,1.0,1.4,0,1,8
deepseek_r1_distill_1p5b__gsm8k_train_00009_a1cbbbd0__temp0.10__seed7,gsm8k_train_00009_a1cbbbd0,hazard_drift,3,0.9,1,1.0,0.09999999999999998,0,1,2
deepseek_r1_distill_1p5b__gsm8k_train_00009_a1cbbbd0__temp0.10__seed7,gsm8k_train_00009_a1cbbbd0,empirical_bernstein,9,-0.4,1,1.0,1.4,0,1,8
deepseek_r1_distill_1p5b__gsm8k_train_00009_a1cbbbd0__temp0.10__seed7,gsm8k_train_00009_a1cbbbd0,never_stop,10,0.55,1,1.0,0.44999999999999996,0,1,9
deepseek_r1_distill_1p5b__gsm8k_train_00010_8c587dfb__temp0.10__seed7,gsm8k_train_00010_8c587dfb,oracle,1,0.0,1,0.0,0.0,0,0,0
deepseek_r1_distill_1p5b__gsm8k_train_00010_8c587dfb__temp0.10__seed7,gsm8k_train_00010_8c587dfb,first_answer,1,0.0,1,0.0,0.0,0,0,0
deepseek_r1_distill_1p5b__gsm8k_train_00010_8c587dfb__temp0.10__seed7,gsm8k_train_00010_8c587dfb,verifier_first_correct,10,-0.45,1,0.0,0.45,0,1,9
deepseek_r1_distill_1p5b__gsm8k_train_00010_8c587dfb__temp0.10__seed7,gsm8k_train_00010_8c587dfb,answer_stability,10,-0.45,1,0.0,0.45,0,1,9
deepseek_r1_distill_1p5b__gsm8k_train_00010_8c587dfb__temp0.10__seed7,gsm8k_train_00010_8c587dfb,entropy_plateau,5,-0.2,1,0.0,0.2,0,1,4
deepseek_r1_distill_1p5b__gsm8k_train_00010_8c587dfb__temp0.10__seed7,gsm8k_train_00010_8c587dfb,hazard_drift,5,-0.2,1,0.0,0.2,0,1,4
deepseek_r1_distill_1p5b__gsm8k_train_00010_8c587dfb__temp0.10__seed7,gsm8k_train_00010_8c587dfb,empirical_bernstein,9,-0.4,1,0.0,0.4,0,1,8
deepseek_r1_distill_1p5b__gsm8k_train_00010_8c587dfb__temp0.10__seed7,gsm8k_train_00010_8c587dfb,never_stop,10,-0.45,1,0.0,0.45,0,1,9
deepseek_r1_distill_1p5b__gsm8k_train_00011_127045f3__temp0.10__seed7,gsm8k_train_00011_127045f3,oracle,1,1.0,1,1.0,0.0,0,0,0
deepseek_r1_distill_1p5b__gsm8k_train_00011_127045f3__temp0.10__seed7,gsm8k_train_00011_127045f3,first_answer,1,1.0,1,1.0,0.0,0,0,0
deepseek_r1_distill_1p5b__gsm8k_train_00011_127045f3__temp0.10__seed7,gsm8k_train_00011_127045f3,verifier_first_correct,1,1.0,1,1.0,0.0,0,0,0
deepseek_r1_distill_1p5b__gsm8k_train_00011_127045f3__temp0.10__seed7,gsm8k_train_00011_127045f3,answer_stability,10,0.55,1,1.0,0.44999999999999996,0,1,9
deepseek_r1_distill_1p5b__gsm8k_train_00011_127045f3__temp0.10__seed7,gsm8k_train_00011_127045f3,entropy_plateau,2,0.95,1,1.0,0.050000000000000044,0,1,1
deepseek_r1_distill_1p5b__gsm8k_train_00011_127045f3__temp0.10__seed7,gsm8k_train_00011_127045f3,hazard_drift,2,0.95,1,1.0,0.050000000000000044,0,1,1
deepseek_r1_distill_1p5b__gsm8k_train_00011_127045f3__temp0.10__seed7,gsm8k_train_00011_127045f3,empirical_bernstein,9,0.6,1,1.0,0.4,0,1,8
deepseek_r1_distill_1p5b__gsm8k_train_00011_127045f3__temp0.10__seed7,gsm8k_train_00011_127045f3,never_stop,10,0.55,1,1.0,0.44999999999999996,0,1,9
deepseek_r1_distill_1p5b__gsm8k_train_00012_6cf7f4b8__temp0.10__seed7,gsm8k_train_00012_6cf7f4b8,oracle,1,0.0,1,0.0,0.0,0,0,0
deepseek_r1_distill_1p5b__gsm8k_train_00012_6cf7f4b8__temp0.10__seed7,gsm8k_train_00012_6cf7f4b8,first_answer,1,0.0,1,0.0,0.0,0,0,0
deepseek_r1_distill_1p5b__gsm8k_train_00012_6cf7f4b8__temp0.10__seed7,gsm8k_train_00012_6cf7f4b8,verifier_first_correct,10,-0.45,1,0.0,0.45,0,1,9
deepseek_r1_distill_1p5b__gsm8k_train_00012_6cf7f4b8__temp0.10__seed7,gsm8k_train_00012_6cf7f4b8,answer_stability,10,-0.45,1,0.0,0.45,0,1,9
deepseek_r1_distill_1p5b__gsm8k_train_00012_6cf7f4b8__temp0.10__seed7,gsm8k_train_00012_6cf7f4b8,entropy_plateau,2,-0.05,1,0.0,0.05,0,1,1
deepseek_r1_distill_1p5b__gsm8k_train_00012_6cf7f4b8__temp0.10__seed7,gsm8k_train_00012_6cf7f4b8,hazard_drift,2,-0.05,1,0.0,0.05,0,1,1
deepseek_r1_distill_1p5b__gsm8k_train_00012_6cf7f4b8__temp0.10__seed7,gsm8k_train_00012_6cf7f4b8,empirical_bernstein,9,-0.4,1,0.0,0.4,0,1,8
deepseek_r1_distill_1p5b__gsm8k_train_00012_6cf7f4b8__temp0.10__seed7,gsm8k_train_00012_6cf7f4b8,never_stop,10,-0.45,1,0.0,0.45,0,1,9
deepseek_r1_distill_1p5b__gsm8k_train_00013_6f2b17c2__temp0.10__seed7,gsm8k_train_00013_6f2b17c2,oracle,1,1.0,1,1.0,0.0,0,0,0
deepseek_r1_distill_1p5b__gsm8k_train_00013_6f2b17c2__temp0.10__seed7,gsm8k_train_00013_6f2b17c2,first_answer,1,1.0,1,1.0,0.0,0,0,0
deepseek_r1_distill_1p5b__gsm8k_train_00013_6f2b17c2__temp0.10__seed7,gsm8k_train_00013_6f2b17c2,verifier_first_correct,1,1.0,1,1.0,0.0,0,0,0
deepseek_r1_distill_1p5b__gsm8k_train_00013_6f2b17c2__temp0.10__seed7,gsm8k_train_00013_6f2b17c2,answer_stability,10,0.55,1,1.0,0.44999999999999996,0,1,9
deepseek_r1_distill_1p5b__gsm8k_train_00013_6f2b17c2__temp0.10__seed7,gsm8k_train_00013_6f2b17c2,entropy_plateau,2,0.95,1,1.0,0.050000000000000044,0,1,1
deepseek_r1_distill_1p5b__gsm8k_train_00013_6f2b17c2__temp0.10__seed7,gsm8k_train_00013_6f2b17c2,hazard_drift,2,0.95,1,1.0,0.050000000000000044,0,1,1
deepseek_r1_distill_1p5b__gsm8k_train_00013_6f2b17c2__temp0.10__seed7,gsm8k_train_00013_6f2b17c2,empirical_bernstein,9,0.6,1,1.0,0.4,0,1,8
deepseek_r1_distill_1p5b__gsm8k_train_00013_6f2b17c2__temp0.10__seed7,gsm8k_train_00013_6f2b17c2,never_stop,10,0.55,1,1.0,0.44999999999999996,0,1,9
deepseek_r1_distill_1p5b__gsm8k_train_00014_f0103a9f__temp0.10__seed7,gsm8k_train_00014_f0103a9f,oracle,1,0.0,1,0.0,0.0,0,0,0
deepseek_r1_distill_1p5b__gsm8k_train_00014_f0103a9f__temp0.10__seed7,gsm8k_train_00014_f0103a9f,first_answer,1,0.0,1,0.0,0.0,0,0,0
deepseek_r1_distill_1p5b__gsm8k_train_00014_f0103a9f__temp0.10__seed7,gsm8k_train_00014_f0103a9f,verifier_first_correct,10,-0.45,1,0.0,0.45,0,1,9
deepseek_r1_distill_1p5b__gsm8k_train_00014_f0103a9f__temp0.10__seed7,gsm8k_train_00014_f0103a9f,answer_stability,10,-0.45,1,0.0,0.45,0,1,9
deepseek_r1_distill_1p5b__gsm8k_train_00014_f0103a9f__temp0.10__seed7,gsm8k_train_00014_f0103a9f,entropy_plateau,2,-0.05,1,0.0,0.05,0,1,1
deepseek_r1_distill_1p5b__gsm8k_train_00014_f0103a9f__temp0.10__seed7,gsm8k_train_00014_f0103a9f,hazard_drift,2,-0.05,1,0.0,0.05,0,1,1
deepseek_r1_distill_1p5b__gsm8k_train_00014_f0103a9f__temp0.10__seed7,gsm8k_train_00014_f0103a9f,empirical_bernstein,9,-0.4,1,0.0,0.4,0,1,8
deepseek_r1_distill_1p5b__gsm8k_train_00014_f0103a9f__temp0.10__seed7,gsm8k_train_00014_f0103a9f,never_stop,10,-0.45,1,0.0,0.45,0,1,9
deepseek_r1_distill_1p5b__gsm8k_train_00015_20b7f79a__temp0.10__seed7,gsm8k_train_00015_20b7f79a,oracle,2,0.95,2,0.95,0.0,0,0,0
deepseek_r1_distill_1p5b__gsm8k_train_00015_20b7f79a__temp0.10__seed7,gsm8k_train_00015_20b7f79a,first_answer,1,0.0,2,0.95,0.95,1,0,0
deepseek_r1_distill_1p5b__gsm8k_train_00015_20b7f79a__temp0.10__seed7,gsm8k_train_00015_20b7f79a,verifier_first_correct,2,0.95,2,0.95,0.0,0,0,0
deepseek_r1_distill_1p5b__gsm8k_train_00015_20b7f79a__temp0.10__seed7,gsm8k_train_00015_20b7f79a,answer_stability,10,0.55,2,0.95,0.3999999999999999,0,1,8
deepseek_r1_distill_1p5b__gsm8k_train_00015_20b7f79a__temp0.10__seed7,gsm8k_train_00015_20b7f79a,entropy_plateau,7,0.7,2,0.95,0.25,0,1,5
deepseek_r1_distill_1p5b__gsm8k_train_00015_20b7f79a__temp0.10__seed7,gsm8k_train_00015_20b7f79a,hazard_drift,2,0.95,2,0.95,0.0,0,0,0
deepseek_r1_distill_1p5b__gsm8k_train_00015_20b7f79a__temp0.10__seed7,gsm8k_train_00015_20b7f79a,empirical_bernstein,9,0.6,2,0.95,0.35,0,1,7
deepseek_r1_distill_1p5b__gsm8k_train_00015_20b7f79a__temp0.10__seed7,gsm8k_train_00015_20b7f79a,never_stop,10,0.55,2,0.95,0.3999999999999999,0,1,8
deepseek_r1_distill_1p5b__gsm8k_train_00016_0cef7ca3__temp0.10__seed7,gsm8k_train_00016_0cef7ca3,oracle,1,0.0,1,0.0,0.0,0,0,0
deepseek_r1_distill_1p5b__gsm8k_train_00016_0cef7ca3__temp0.10__seed7,gsm8k_train_00016_0cef7ca3,first_answer,1,0.0,1,0.0,0.0,0,0,0
deepseek_r1_distill_1p5b__gsm8k_train_00016_0cef7ca3__temp0.10__seed7,gsm8k_train_00016_0cef7ca3,verifier_first_correct,10,-0.45,1,0.0,0.45,0,1,9
deepseek_r1_distill_1p5b__gsm8k_train_00016_0cef7ca3__temp0.10__seed7,gsm8k_train_00016_0cef7ca3,answer_stability,10,-0.45,1,0.0,0.45,0,1,9
deepseek_r1_distill_1p5b__gsm8k_train_00016_0cef7ca3__temp0.10__seed7,gsm8k_train_00016_0cef7ca3,entropy_plateau,3,-0.1,1,0.0,0.1,0,1,2
deepseek_r1_distill_1p5b__gsm8k_train_00016_0cef7ca3__temp0.10__seed7,gsm8k_train_00016_0cef7ca3,hazard_drift,3,-0.1,1,0.0,0.1,0,1,2
deepseek_r1_distill_1p5b__gsm8k_train_00016_0cef7ca3__temp0.10__seed7,gsm8k_train_00016_0cef7ca3,empirical_bernstein,9,-0.4,1,0.0,0.4,0,1,8
deepseek_r1_distill_1p5b__gsm8k_train_00016_0cef7ca3__temp0.10__seed7,gsm8k_train_00016_0cef7ca3,never_stop,10,-0.45,1,0.0,0.45,0,1,9
deepseek_r1_distill_1p5b__gsm8k_train_00017_89d492f6__temp0.10__seed7,gsm8k_train_00017_89d492f6,oracle,1,1.0,1,1.0,0.0,0,0,0
deepseek_r1_distill_1p5b__gsm8k_train_00017_89d492f6__temp0.10__seed7,gsm8k_train_00017_89d492f6,first_answer,1,1.0,1,1.0,0.0,0,0,0
deepseek_r1_distill_1p5b__gsm8k_train_00017_89d492f6__temp0.10__seed7,gsm8k_train_00017_89d492f6,verifier_first_correct,1,1.0,1,1.0,0.0,0,0,0
deepseek_r1_distill_1p5b__gsm8k_train_00017_89d492f6__temp0.10__seed7,gsm8k_train_00017_89d492f6,answer_stability,10,0.55,1,1.0,0.44999999999999996,0,1,9
deepseek_r1_distill_1p5b__gsm8k_train_00017_89d492f6__temp0.10__seed7,gsm8k_train_00017_89d492f6,entropy_plateau,4,0.85,1,1.0,0.15000000000000002,0,1,3
deepseek_r1_distill_1p5b__gsm8k_train_00017_89d492f6__temp0.10__seed7,gsm8k_train_00017_89d492f6,hazard_drift,3,0.9,1,1.0,0.09999999999999998,0,1,2
deepseek_r1_distill_1p5b__gsm8k_train_00017_89d492f6__temp0.10__seed7,gsm8k_train_00017_89d492f6,empirical_bernstein,9,0.6,1,1.0,0.4,0,1,8
deepseek_r1_distill_1p5b__gsm8k_train_00017_89d492f6__temp0.10__seed7,gsm8k_train_00017_89d492f6,never_stop,10,0.55,1,1.0,0.44999999999999996,0,1,9
deepseek_r1_distill_1p5b__gsm8k_train_00018_86b6a534__temp0.10__seed7,gsm8k_train_00018_86b6a534,oracle,1,0.0,1,0.0,0.0,0,0,0
deepseek_r1_distill_1p5b__gsm8k_train_00018_86b6a534__temp0.10__seed7,gsm8k_train_00018_86b6a534,first_answer,1,0.0,1,0.0,0.0,0,0,0
deepseek_r1_distill_1p5b__gsm8k_train_00018_86b6a534__temp0.10__seed7,gsm8k_train_00018_86b6a534,verifier_first_correct,10,-0.45,1,0.0,0.45,0,1,9
deepseek_r1_distill_1p5b__gsm8k_train_00018_86b6a534__temp0.10__seed7,gsm8k_train_00018_86b6a534,answer_stability,10,-0.45,1,0.0,0.45,0,1,9
deepseek_r1_distill_1p5b__gsm8k_train_00018_86b6a534__temp0.10__seed7,gsm8k_train_00018_86b6a534,entropy_plateau,10,-0.45,1,0.0,0.45,0,1,9
deepseek_r1_distill_1p5b__gsm8k_train_00018_86b6a534__temp0.10__seed7,gsm8k_train_00018_86b6a534,hazard_drift,10,-0.45,1,0.0,0.45,0,1,9
deepseek_r1_distill_1p5b__gsm8k_train_00018_86b6a534__temp0.10__seed7,gsm8k_train_00018_86b6a534,empirical_bernstein,9,-0.4,1,0.0,0.4,0,1,8
deepseek_r1_distill_1p5b__gsm8k_train_00018_86b6a534__temp0.10__seed7,gsm8k_train_00018_86b6a534,never_stop,10,-0.45,1,0.0,0.45,0,1,9
deepseek_r1_distill_1p5b__gsm8k_train_00019_fe91f244__temp0.10__seed7,gsm8k_train_00019_fe91f244,oracle,1,0.0,1,0.0,0.0,0,0,0
deepseek_r1_distill_1p5b__gsm8k_train_00019_fe91f244__temp0.10__seed7,gsm8k_train_00019_fe91f244,first_answer,1,0.0,1,0.0,0.0,0,0,0
deepseek_r1_distill_1p5b__gsm8k_train_00019_fe91f244__temp0.10__seed7,gsm8k_train_00019_fe91f244,verifier_first_correct,10,-0.45,1,0.0,0.45,0,1,9
deepseek_r1_distill_1p5b__gsm8k_train_00019_fe91f244__temp0.10__seed7,gsm8k_train_00019_fe91f244,answer_stability,10,-0.45,1,0.0,0.45,0,1,9
deepseek_r1_distill_1p5b__gsm8k_train_00019_fe91f244__temp0.10__seed7,gsm8k_train_00019_fe91f244,entropy_plateau,4,-0.15,1,0.0,0.15,0,1,3
deepseek_r1_distill_1p5b__gsm8k_train_00019_fe91f244__temp0.10__seed7,gsm8k_train_00019_fe91f244,hazard_drift,4,-0.15,1,0.0,0.15,0,1,3
deepseek_r1_distill_1p5b__gsm8k_train_00019_fe91f244__temp0.10__seed7,gsm8k_train_00019_fe91f244,empirical_bernstein,9,-0.4,1,0.0,0.4,0,1,8
deepseek_r1_distill_1p5b__gsm8k_train_00019_fe91f244__temp0.10__seed7,gsm8k_train_00019_fe91f244,never_stop,10,-0.45,1,0.0,0.45,0,1,9
deepseek_r1_distill_1p5b__gsm8k_train_00020_7d8a849a__temp0.10__seed7,gsm8k_train_00020_7d8a849a,oracle,2,0.95,2,0.95,0.0,0,0,0
deepseek_r1_distill_1p5b__gsm8k_train_00020_7d8a849a__temp0.10__seed7,gsm8k_train_00020_7d8a849a,first_answer,1,0.0,2,0.95,0.95,1,0,0
deepseek_r1_distill_1p5b__gsm8k_train_00020_7d8a849a__temp0.10__seed7,gsm8k_train_00020_7d8a849a,verifier_first_correct,2,0.95,2,0.95,0.0,0,0,0
deepseek_r1_distill_1p5b__gsm8k_train_00020_7d8a849a__temp0.10__seed7,gsm8k_train_00020_7d8a849a,answer_stability,10,-0.45,2,0.95,1.4,0,1,8
deepseek_r1_distill_1p5b__gsm8k_train_00020_7d8a849a__temp0.10__seed7,gsm8k_train_00020_7d8a849a,entropy_plateau,10,-0.45,2,0.95,1.4,0,1,8
deepseek_r1_distill_1p5b__gsm8k_train_00020_7d8a849a__temp0.10__seed7,gsm8k_train_00020_7d8a849a,hazard_drift,5,-0.2,2,0.95,1.15,0,1,3
deepseek_r1_distill_1p5b__gsm8k_train_00020_7d8a849a__temp0.10__seed7,gsm8k_train_00020_7d8a849a,empirical_bernstein,9,-0.4,2,0.95,1.35,0,1,7
deepseek_r1_distill_1p5b__gsm8k_train_00020_7d8a849a__temp0.10__seed7,gsm8k_train_00020_7d8a849a,never_stop,10,-0.45,2,0.95,1.4,0,1,8
deepseek_r1_distill_1p5b__gsm8k_train_00021_8849281d__temp0.10__seed7,gsm8k_train_00021_8849281d,oracle,3,0.9,3,0.9,0.0,0,0,0
deepseek_r1_distill_1p5b__gsm8k_train_00021_8849281d__temp0.10__seed7,gsm8k_train_00021_8849281d,first_answer,1,0.0,3,0.9,0.9,1,0,0
deepseek_r1_distill_1p5b__gsm8k_train_00021_8849281d__temp0.10__seed7,gsm8k_train_00021_8849281d,verifier_first_correct,3,0.9,3,0.9,0.0,0,0,0
deepseek_r1_distill_1p5b__gsm8k_train_00021_8849281d__temp0.10__seed7,gsm8k_train_00021_8849281d,answer_stability,10,-0.45,3,0.9,1.35,0,1,7
deepseek_r1_distill_1p5b__gsm8k_train_00021_8849281d__temp0.10__seed7,gsm8k_train_00021_8849281d,entropy_plateau,10,-0.45,3,0.9,1.35,0,1,7
deepseek_r1_distill_1p5b__gsm8k_train_00021_8849281d__temp0.10__seed7,gsm8k_train_00021_8849281d,hazard_drift,10,-0.45,3,0.9,1.35,0,1,7
deepseek_r1_distill_1p5b__gsm8k_train_00021_8849281d__temp0.10__seed7,gsm8k_train_00021_8849281d,empirical_bernstein,9,-0.4,3,0.9,1.3,0,1,6
deepseek_r1_distill_1p5b__gsm8k_train_00021_8849281d__temp0.10__seed7,gsm8k_train_00021_8849281d,never_stop,10,-0.45,3,0.9,1.35,0,1,7
deepseek_r1_distill_1p5b__gsm8k_train_00022_80c4da46__temp0.10__seed7,gsm8k_train_00022_80c4da46,oracle,3,0.9,3,0.9,0.0,0,0,0
deepseek_r1_distill_1p5b__gsm8k_train_00022_80c4da46__temp0.10__seed7,gsm8k_train_00022_80c4da46,first_answer,1,0.0,3,0.9,0.9,1,0,0
deepseek_r1_distill_1p5b__gsm8k_train_00022_80c4da46__temp0.10__seed7,gsm8k_train_00022_80c4da46,verifier_first_correct,3,0.9,3,0.9,0.0,0,0,0
deepseek_r1_distill_1p5b__gsm8k_train_00022_80c4da46__temp0.10__seed7,gsm8k_train_00022_80c4da46,answer_stability,10,0.55,3,0.9,0.35,0,1,7
deepseek_r1_distill_1p5b__gsm8k_train_00022_80c4da46__temp0.10__seed7,gsm8k_train_00022_80c4da46,entropy_plateau,8,-0.35,3,0.9,1.25,0,1,5
deepseek_r1_distill_1p5b__gsm8k_train_00022_80c4da46__temp0.10__seed7,gsm8k_train_00022_80c4da46,hazard_drift,8,-0.35,3,0.9,1.25,0,1,5
deepseek_r1_distill_1p5b__gsm8k_train_00022_80c4da46__temp0.10__seed7,gsm8k_train_00022_80c4da46,empirical_bernstein,9,0.6,3,0.9,0.30000000000000004,0,1,6
deepseek_r1_distill_1p5b__gsm8k_train_00022_80c4da46__temp0.10__seed7,gsm8k_train_00022_80c4da46,never_stop,10,0.55,3,0.9,0.35,0,1,7
deepseek_r1_distill_1p5b__gsm8k_train_00023_5c659510__temp0.10__seed7,gsm8k_train_00023_5c659510,oracle,1,0.0,1,0.0,0.0,0,0,0
deepseek_r1_distill_1p5b__gsm8k_train_00023_5c659510__temp0.10__seed7,gsm8k_train_00023_5c659510,first_answer,1,0.0,1,0.0,0.0,0,0,0
deepseek_r1_distill_1p5b__gsm8k_train_00023_5c659510__temp0.10__seed7,gsm8k_train_00023_5c659510,verifier_first_correct,10,-0.45,1,0.0,0.45,0,1,9
deepseek_r1_distill_1p5b__gsm8k_train_00023_5c659510__temp0.10__seed7,gsm8k_train_00023_5c659510,answer_stability,10,-0.45,1,0.0,0.45,0,1,9
deepseek_r1_distill_1p5b__gsm8k_train_00023_5c659510__temp0.10__seed7,gsm8k_train_00023_5c659510,entropy_plateau,4,-0.15,1,0.0,0.15,0,1,3
deepseek_r1_distill_1p5b__gsm8k_train_00023_5c659510__temp0.10__seed7,gsm8k_train_00023_5c659510,hazard_drift,4,-0.15,1,0.0,0.15,0,1,3
deepseek_r1_distill_1p5b__gsm8k_train_00023_5c659510__temp0.10__seed7,gsm8k_train_00023_5c659510,empirical_bernstein,9,-0.4,1,0.0,0.4,0,1,8
deepseek_r1_distill_1p5b__gsm8k_train_00023_5c659510__temp0.10__seed7,gsm8k_train_00023_5c659510,never_stop,10,-0.45,1,0.0,0.45,0,1,9
deepseek_r1_distill_1p5b__gsm8k_train_00024_f139cc04__temp0.10__seed7,gsm8k_train_00024_f139cc04,oracle,3,0.9,3,0.9,0.0,0,0,0
deepseek_r1_distill_1p5b__gsm8k_train_00024_f139cc04__temp0.10__seed7,gsm8k_train_00024_f139cc04,first_answer,1,0.0,3,0.9,0.9,1,0,0
deepseek_r1_distill_1p5b__gsm8k_train_00024_f139cc04__temp0.10__seed7,gsm8k_train_00024_f139cc04,verifier_first_correct,3,0.9,3,0.9,0.0,0,0,0
deepseek_r1_distill_1p5b__gsm8k_train_00024_f139cc04__temp0.10__seed7,gsm8k_train_00024_f139cc04,answer_stability,10,-0.45,3,0.9,1.35,0,1,7
deepseek_r1_distill_1p5b__gsm8k_train_00024_f139cc04__temp0.10__seed7,gsm8k_train_00024_f139cc04,entropy_plateau,10,-0.45,3,0.9,1.35,0,1,7
deepseek_r1_distill_1p5b__gsm8k_train_00024_f139cc04__temp0.10__seed7,gsm8k_train_00024_f139cc04,hazard_drift,3,0.9,3,0.9,0.0,0,0,0
deepseek_r1_distill_1p5b__gsm8k_train_00024_f139cc04__temp0.10__seed7,gsm8k_train_00024_f139cc04,empirical_bernstein,9,-0.4,3,0.9,1.3,0,1,6
deepseek_r1_distill_1p5b__gsm8k_train_00024_f139cc04__temp0.10__seed7,gsm8k_train_00024_f139cc04,never_stop,10,-0.45,3,0.9,1.35,0,1,7
deepseek_r1_distill_1p5b__gsm8k_train_00025_1a030c71__temp0.10__seed7,gsm8k_train_00025_1a030c71,oracle,1,1.0,1,1.0,0.0,0,0,0
deepseek_r1_distill_1p5b__gsm8k_train_00025_1a030c71__temp0.10__seed7,gsm8k_train_00025_1a030c71,first_answer,1,1.0,1,1.0,0.0,0,0,0
deepseek_r1_distill_1p5b__gsm8k_train_00025_1a030c71__temp0.10__seed7,gsm8k_train_00025_1a030c71,verifier_first_correct,1,1.0,1,1.0,0.0,0,0,0
deepseek_r1_distill_1p5b__gsm8k_train_00025_1a030c71__temp0.10__seed7,gsm8k_train_00025_1a030c71,answer_stability,10,0.55,1,1.0,0.44999999999999996,0,1,9
deepseek_r1_distill_1p5b__gsm8k_train_00025_1a030c71__temp0.10__seed7,gsm8k_train_00025_1a030c71,entropy_plateau,2,0.95,1,1.0,0.050000000000000044,0,1,1
deepseek_r1_distill_1p5b__gsm8k_train_00025_1a030c71__temp0.10__seed7,gsm8k_train_00025_1a030c71,hazard_drift,2,0.95,1,1.0,0.050000000000000044,0,1,1
deepseek_r1_distill_1p5b__gsm8k_train_00025_1a030c71__temp0.10__seed7,gsm8k_train_00025_1a030c71,empirical_bernstein,9,0.6,1,1.0,0.4,0,1,8
deepseek_r1_distill_1p5b__gsm8k_train_00025_1a030c71__temp0.10__seed7,gsm8k_train_00025_1a030c71,never_stop,10,0.55,1,1.0,0.44999999999999996,0,1,9
deepseek_r1_distill_1p5b__gsm8k_train_00026_bf9e0c24__temp0.10__seed7,gsm8k_train_00026_bf9e0c24,oracle,3,0.9,3,0.9,0.0,0,0,0
deepseek_r1_distill_1p5b__gsm8k_train_00026_bf9e0c24__temp0.10__seed7,gsm8k_train_00026_bf9e0c24,first_answer,1,0.0,3,0.9,0.9,1,0,0
deepseek_r1_distill_1p5b__gsm8k_train_00026_bf9e0c24__temp0.10__seed7,gsm8k_train_00026_bf9e0c24,verifier_first_correct,3,0.9,3,0.9,0.0,0,0,0
deepseek_r1_distill_1p5b__gsm8k_train_00026_bf9e0c24__temp0.10__seed7,gsm8k_train_00026_bf9e0c24,answer_stability,10,0.55,3,0.9,0.35,0,1,7
deepseek_r1_distill_1p5b__gsm8k_train_00026_bf9e0c24__temp0.10__seed7,gsm8k_train_00026_bf9e0c24,entropy_plateau,4,0.85,3,0.9,0.050000000000000044,0,1,1
deepseek_r1_distill_1p5b__gsm8k_train_00026_bf9e0c24__temp0.10__seed7,gsm8k_train_00026_bf9e0c24,hazard_drift,4,0.85,3,0.9,0.050000000000000044,0,1,1
deepseek_r1_distill_1p5b__gsm8k_train_00026_bf9e0c24__temp0.10__seed7,gsm8k_train_00026_bf9e0c24,empirical_bernstein,9,0.6,3,0.9,0.30000000000000004,0,1,6
deepseek_r1_distill_1p5b__gsm8k_train_00026_bf9e0c24__temp0.10__seed7,gsm8k_train_00026_bf9e0c24,never_stop,10,0.55,3,0.9,0.35,0,1,7
deepseek_r1_distill_1p5b__gsm8k_train_00027_21e7ba75__temp0.10__seed7,gsm8k_train_00027_21e7ba75,oracle,1,1.0,1,1.0,0.0,0,0,0
deepseek_r1_distill_1p5b__gsm8k_train_00027_21e7ba75__temp0.10__seed7,gsm8k_train_00027_21e7ba75,first_answer,1,1.0,1,1.0,0.0,0,0,0
deepseek_r1_distill_1p5b__gsm8k_train_00027_21e7ba75__temp0.10__seed7,gsm8k_train_00027_21e7ba75,verifier_first_correct,1,1.0,1,1.0,0.0,0,0,0
deepseek_r1_distill_1p5b__gsm8k_train_00027_21e7ba75__temp0.10__seed7,gsm8k_train_00027_21e7ba75,answer_stability,10,-0.45,1,1.0,1.45,0,1,9
deepseek_r1_distill_1p5b__gsm8k_train_00027_21e7ba75__temp0.10__seed7,gsm8k_train_00027_21e7ba75,entropy_plateau,5,0.8,1,1.0,0.19999999999999996,0,1,4
deepseek_r1_distill_1p5b__gsm8k_train_00027_21e7ba75__temp0.10__seed7,gsm8k_train_00027_21e7ba75,hazard_drift,4,0.85,1,1.0,0.15000000000000002,0,1,3
deepseek_r1_distill_1p5b__gsm8k_train_00027_21e7ba75__temp0.10__seed7,gsm8k_train_00027_21e7ba75,empirical_bernstein,9,-0.4,1,1.0,1.4,0,1,8
deepseek_r1_distill_1p5b__gsm8k_train_00027_21e7ba75__temp0.10__seed7,gsm8k_train_00027_21e7ba75,never_stop,10,-0.45,1,1.0,1.45,0,1,9
deepseek_r1_distill_1p5b__gsm8k_train_00028_07c2d0db__temp0.10__seed7,gsm8k_train_00028_07c2d0db,oracle,4,0.85,4,0.85,0.0,0,0,0
deepseek_r1_distill_1p5b__gsm8k_train_00028_07c2d0db__temp0.10__seed7,gsm8k_train_00028_07c2d0db,first_answer,1,0.0,4,0.85,0.85,1,0,0
deepseek_r1_distill_1p5b__gsm8k_train_00028_07c2d0db__temp0.10__seed7,gsm8k_train_00028_07c2d0db,verifier_first_correct,4,0.85,4,0.85,0.0,0,0,0
deepseek_r1_distill_1p5b__gsm8k_train_00028_07c2d0db__temp0.10__seed7,gsm8k_train_00028_07c2d0db,answer_stability,10,-0.45,4,0.85,1.3,0,1,6
deepseek_r1_distill_1p5b__gsm8k_train_00028_07c2d0db__temp0.10__seed7,gsm8k_train_00028_07c2d0db,entropy_plateau,10,-0.45,4,0.85,1.3,0,1,6
deepseek_r1_distill_1p5b__gsm8k_train_00028_07c2d0db__temp0.10__seed7,gsm8k_train_00028_07c2d0db,hazard_drift,2,-0.05,4,0.85,0.9,1,0,0
deepseek_r1_distill_1p5b__gsm8k_train_00028_07c2d0db__temp0.10__seed7,gsm8k_train_00028_07c2d0db,empirical_bernstein,9,-0.4,4,0.85,1.25,0,1,5
deepseek_r1_distill_1p5b__gsm8k_train_00028_07c2d0db__temp0.10__seed7,gsm8k_train_00028_07c2d0db,never_stop,10,-0.45,4,0.85,1.3,0,1,6
deepseek_r1_distill_1p5b__gsm8k_train_00029_9fc74e20__temp0.10__seed7,gsm8k_train_00029_9fc74e20,oracle,4,0.85,4,0.85,0.0,0,0,0
deepseek_r1_distill_1p5b__gsm8k_train_00029_9fc74e20__temp0.10__seed7,gsm8k_train_00029_9fc74e20,first_answer,1,0.0,4,0.85,0.85,1,0,0
deepseek_r1_distill_1p5b__gsm8k_train_00029_9fc74e20__temp0.10__seed7,gsm8k_train_00029_9fc74e20,verifier_first_correct,4,0.85,4,0.85,0.0,0,0,0
deepseek_r1_distill_1p5b__gsm8k_train_00029_9fc74e20__temp0.10__seed7,gsm8k_train_00029_9fc74e20,answer_stability,10,0.55,4,0.85,0.29999999999999993,0,1,6
deepseek_r1_distill_1p5b__gsm8k_train_00029_9fc74e20__temp0.10__seed7,gsm8k_train_00029_9fc74e20,entropy_plateau,3,-0.1,4,0.85,0.95,1,0,0
deepseek_r1_distill_1p5b__gsm8k_train_00029_9fc74e20__temp0.10__seed7,gsm8k_train_00029_9fc74e20,hazard_drift,3,-0.1,4,0.85,0.95,1,0,0
deepseek_r1_distill_1p5b__gsm8k_train_00029_9fc74e20__temp0.10__seed7,gsm8k_train_00029_9fc74e20,empirical_bernstein,9,-0.4,4,0.85,1.25,0,1,5
deepseek_r1_distill_1p5b__gsm8k_train_00029_9fc74e20__temp0.10__seed7,gsm8k_train_00029_9fc74e20,never_stop,10,0.55,4,0.85,0.29999999999999993,0,1,6
deepseek_r1_distill_1p5b__gsm8k_train_00030_4f09989a__temp0.10__seed7,gsm8k_train_00030_4f09989a,oracle,1,0.0,1,0.0,0.0,0,0,0
deepseek_r1_distill_1p5b__gsm8k_train_00030_4f09989a__temp0.10__seed7,gsm8k_train_00030_4f09989a,first_answer,1,0.0,1,0.0,0.0,0,0,0
deepseek_r1_distill_1p5b__gsm8k_train_00030_4f09989a__temp0.10__seed7,gsm8k_train_00030_4f09989a,verifier_first_correct,10,-0.45,1,0.0,0.45,0,1,9
deepseek_r1_distill_1p5b__gsm8k_train_00030_4f09989a__temp0.10__seed7,gsm8k_train_00030_4f09989a,answer_stability,10,-0.45,1,0.0,0.45,0,1,9
deepseek_r1_distill_1p5b__gsm8k_train_00030_4f09989a__temp0.10__seed7,gsm8k_train_00030_4f09989a,entropy_plateau,7,-0.3,1,0.0,0.3,0,1,6
deepseek_r1_distill_1p5b__gsm8k_train_00030_4f09989a__temp0.10__seed7,gsm8k_train_00030_4f09989a,hazard_drift,5,-0.2,1,0.0,0.2,0,1,4
deepseek_r1_distill_1p5b__gsm8k_train_00030_4f09989a__temp0.10__seed7,gsm8k_train_00030_4f09989a,empirical_bernstein,9,-0.4,1,0.0,0.4,0,1,8
deepseek_r1_distill_1p5b__gsm8k_train_00030_4f09989a__temp0.10__seed7,gsm8k_train_00030_4f09989a,never_stop,10,-0.45,1,0.0,0.45,0,1,9
deepseek_r1_distill_1p5b__gsm8k_train_00031_1c0c7800__temp0.10__seed7,gsm8k_train_00031_1c0c7800,oracle,1,0.0,1,0.0,0.0,0,0,0
deepseek_r1_distill_1p5b__gsm8k_train_00031_1c0c7800__temp0.10__seed7,gsm8k_train_00031_1c0c7800,first_answer,1,0.0,1,0.0,0.0,0,0,0
deepseek_r1_distill_1p5b__gsm8k_train_00031_1c0c7800__temp0.10__seed7,gsm8k_train_00031_1c0c7800,verifier_first_correct,10,-0.45,1,0.0,0.45,0,1,9
deepseek_r1_distill_1p5b__gsm8k_train_00031_1c0c7800__temp0.10__seed7,gsm8k_train_00031_1c0c7800,answer_stability,10,-0.45,1,0.0,0.45,0,1,9
deepseek_r1_distill_1p5b__gsm8k_train_00031_1c0c7800__temp0.10__seed7,gsm8k_train_00031_1c0c7800,entropy_plateau,3,-0.1,1,0.0,0.1,0,1,2
deepseek_r1_distill_1p5b__gsm8k_train_00031_1c0c7800__temp0.10__seed7,gsm8k_train_00031_1c0c7800,hazard_drift,3,-0.1,1,0.0,0.1,0,1,2
deepseek_r1_distill_1p5b__gsm8k_train_00031_1c0c7800__temp0.10__seed7,gsm8k_train_00031_1c0c7800,empirical_bernstein,9,-0.4,1,0.0,0.4,0,1,8
deepseek_r1_distill_1p5b__gsm8k_train_00031_1c0c7800__temp0.10__seed7,gsm8k_train_00031_1c0c7800,never_stop,10,-0.45,1,0.0,0.45,0,1,9
deepseek_r1_distill_1p5b__gsm8k_train_00032_366614d9__temp0.10__seed7,gsm8k_train_00032_366614d9,oracle,1,1.0,1,1.0,0.0,0,0,0
deepseek_r1_distill_1p5b__gsm8k_train_00032_366614d9__temp0.10__seed7,gsm8k_train_00032_366614d9,first_answer,1,1.0,1,1.0,0.0,0,0,0
deepseek_r1_distill_1p5b__gsm8k_train_00032_366614d9__temp0.10__seed7,gsm8k_train_00032_366614d9,verifier_first_correct,1,1.0,1,1.0,0.0,0,0,0
deepseek_r1_distill_1p5b__gsm8k_train_00032_366614d9__temp0.10__seed7,gsm8k_train_00032_366614d9,answer_stability,10,0.55,1,1.0,0.44999999999999996,0,1,9
deepseek_r1_distill_1p5b__gsm8k_train_00032_366614d9__temp0.10__seed7,gsm8k_train_00032_366614d9,entropy_plateau,10,0.55,1,1.0,0.44999999999999996,0,1,9
deepseek_r1_distill_1p5b__gsm8k_train_00032_366614d9__temp0.10__seed7,gsm8k_train_00032_366614d9,hazard_drift,5,0.8,1,1.0,0.19999999999999996,0,1,4
deepseek_r1_distill_1p5b__gsm8k_train_00032_366614d9__temp0.10__seed7,gsm8k_train_00032_366614d9,empirical_bernstein,9,-0.4,1,1.0,1.4,0,1,8
deepseek_r1_distill_1p5b__gsm8k_train_00032_366614d9__temp0.10__seed7,gsm8k_train_00032_366614d9,never_stop,10,0.55,1,1.0,0.44999999999999996,0,1,9
deepseek_r1_distill_1p5b__gsm8k_train_00033_285b14f1__temp0.10__seed7,gsm8k_train_00033_285b14f1,oracle,2,0.95,2,0.95,0.0,0,0,0
deepseek_r1_distill_1p5b__gsm8k_train_00033_285b14f1__temp0.10__seed7,gsm8k_train_00033_285b14f1,first_answer,1,0.0,2,0.95,0.95,1,0,0
deepseek_r1_distill_1p5b__gsm8k_train_00033_285b14f1__temp0.10__seed7,gsm8k_train_00033_285b14f1,verifier_first_correct,2,0.95,2,0.95,0.0,0,0,0
deepseek_r1_distill_1p5b__gsm8k_train_00033_285b14f1__temp0.10__seed7,gsm8k_train_00033_285b14f1,answer_stability,10,0.55,2,0.95,0.3999999999999999,0,1,8
deepseek_r1_distill_1p5b__gsm8k_train_00033_285b14f1__temp0.10__seed7,gsm8k_train_00033_285b14f1,entropy_plateau,3,0.9,2,0.95,0.04999999999999993,0,1,1
deepseek_r1_distill_1p5b__gsm8k_train_00033_285b14f1__temp0.10__seed7,gsm8k_train_00033_285b14f1,hazard_drift,2,0.95,2,0.95,0.0,0,0,0
deepseek_r1_distill_1p5b__gsm8k_train_00033_285b14f1__temp0.10__seed7,gsm8k_train_00033_285b14f1,empirical_bernstein,9,-0.4,2,0.95,1.35,0,1,7
deepseek_r1_distill_1p5b__gsm8k_train_00033_285b14f1__temp0.10__seed7,gsm8k_train_00033_285b14f1,never_stop,10,0.55,2,0.95,0.3999999999999999,0,1,8
deepseek_r1_distill_1p5b__gsm8k_train_00034_b46e2eee__temp0.10__seed7,gsm8k_train_00034_b46e2eee,oracle,1,1.0,1,1.0,0.0,0,0,0
deepseek_r1_distill_1p5b__gsm8k_train_00034_b46e2eee__temp0.10__seed7,gsm8k_train_00034_b46e2eee,first_answer,1,1.0,1,1.0,0.0,0,0,0
deepseek_r1_distill_1p5b__gsm8k_train_00034_b46e2eee__temp0.10__seed7,gsm8k_train_00034_b46e2eee,verifier_first_correct,1,1.0,1,1.0,0.0,0,0,0
deepseek_r1_distill_1p5b__gsm8k_train_00034_b46e2eee__temp0.10__seed7,gsm8k_train_00034_b46e2eee,answer_stability,10,-0.45,1,1.0,1.45,0,1,9
deepseek_r1_distill_1p5b__gsm8k_train_00034_b46e2eee__temp0.10__seed7,gsm8k_train_00034_b46e2eee,entropy_plateau,4,-0.15,1,1.0,1.15,0,1,3
deepseek_r1_distill_1p5b__gsm8k_train_00034_b46e2eee__temp0.10__seed7,gsm8k_train_00034_b46e2eee,hazard_drift,4,-0.15,1,1.0,1.15,0,1,3
deepseek_r1_distill_1p5b__gsm8k_train_00034_b46e2eee__temp0.10__seed7,gsm8k_train_00034_b46e2eee,empirical_bernstein,9,-0.4,1,1.0,1.4,0,1,8
deepseek_r1_distill_1p5b__gsm8k_train_00034_b46e2eee__temp0.10__seed7,gsm8k_train_00034_b46e2eee,never_stop,10,-0.45,1,1.0,1.45,0,1,9
deepseek_r1_distill_1p5b__gsm8k_train_00035_e581c993__temp0.10__seed7,gsm8k_train_00035_e581c993,oracle,1,1.0,1,1.0,0.0,0,0,0
deepseek_r1_distill_1p5b__gsm8k_train_00035_e581c993__temp0.10__seed7,gsm8k_train_00035_e581c993,first_answer,1,1.0,1,1.0,0.0,0,0,0
deepseek_r1_distill_1p5b__gsm8k_train_00035_e581c993__temp0.10__seed7,gsm8k_train_00035_e581c993,verifier_first_correct,1,1.0,1,1.0,0.0,0,0,0
deepseek_r1_distill_1p5b__gsm8k_train_00035_e581c993__temp0.10__seed7,gsm8k_train_00035_e581c993,answer_stability,10,0.55,1,1.0,0.44999999999999996,0,1,9
deepseek_r1_distill_1p5b__gsm8k_train_00035_e581c993__temp0.10__seed7,gsm8k_train_00035_e581c993,entropy_plateau,2,0.95,1,1.0,0.050000000000000044,0,1,1
deepseek_r1_distill_1p5b__gsm8k_train_00035_e581c993__temp0.10__seed7,gsm8k_train_00035_e581c993,hazard_drift,2,0.95,1,1.0,0.050000000000000044,0,1,1
deepseek_r1_distill_1p5b__gsm8k_train_00035_e581c993__temp0.10__seed7,gsm8k_train_00035_e581c993,empirical_bernstein,9,-0.4,1,1.0,1.4,0,1,8
deepseek_r1_distill_1p5b__gsm8k_train_00035_e581c993__temp0.10__seed7,gsm8k_train_00035_e581c993,never_stop,10,0.55,1,1.0,0.44999999999999996,0,1,9
deepseek_r1_distill_1p5b__gsm8k_train_00036_5cc8bffa__temp0.10__seed7,gsm8k_train_00036_5cc8bffa,oracle,2,0.95,2,0.95,0.0,0,0,0
deepseek_r1_distill_1p5b__gsm8k_train_00036_5cc8bffa__temp0.10__seed7,gsm8k_train_00036_5cc8bffa,first_answer,1,0.0,2,0.95,0.95,1,0,0
deepseek_r1_distill_1p5b__gsm8k_train_00036_5cc8bffa__temp0.10__seed7,gsm8k_train_00036_5cc8bffa,verifier_first_correct,2,0.95,2,0.95,0.0,0,0,0
deepseek_r1_distill_1p5b__gsm8k_train_00036_5cc8bffa__temp0.10__seed7,gsm8k_train_00036_5cc8bffa,answer_stability,10,0.55,2,0.95,0.3999999999999999,0,1,8
deepseek_r1_distill_1p5b__gsm8k_train_00036_5cc8bffa__temp0.10__seed7,gsm8k_train_00036_5cc8bffa,entropy_plateau,8,0.6499999999999999,2,0.95,0.30000000000000004,0,1,6
deepseek_r1_distill_1p5b__gsm8k_train_00036_5cc8bffa__temp0.10__seed7,gsm8k_train_00036_5cc8bffa,hazard_drift,2,0.95,2,0.95,0.0,0,0,0
deepseek_r1_distill_1p5b__gsm8k_train_00036_5cc8bffa__temp0.10__seed7,gsm8k_train_00036_5cc8bffa,empirical_bernstein,9,-0.4,2,0.95,1.35,0,1,7
deepseek_r1_distill_1p5b__gsm8k_train_00036_5cc8bffa__temp0.10__seed7,gsm8k_train_00036_5cc8bffa,never_stop,10,0.55,2,0.95,0.3999999999999999,0,1,8
deepseek_r1_distill_1p5b__gsm8k_train_00037_59a9e4e3__temp0.10__seed7,gsm8k_train_00037_59a9e4e3,oracle,1,1.0,1,1.0,0.0,0,0,0
deepseek_r1_distill_1p5b__gsm8k_train_00037_59a9e4e3__temp0.10__seed7,gsm8k_train_00037_59a9e4e3,first_answer,1,1.0,1,1.0,0.0,0,0,0
deepseek_r1_distill_1p5b__gsm8k_train_00037_59a9e4e3__temp0.10__seed7,gsm8k_train_00037_59a9e4e3,verifier_first_correct,1,1.0,1,1.0,0.0,0,0,0
deepseek_r1_distill_1p5b__gsm8k_train_00037_59a9e4e3__temp0.10__seed7,gsm8k_train_00037_59a9e4e3,answer_stability,10,-0.45,1,1.0,1.45,0,1,9
deepseek_r1_distill_1p5b__gsm8k_train_00037_59a9e4e3__temp0.10__seed7,gsm8k_train_00037_59a9e4e3,entropy_plateau,8,-0.35,1,1.0,1.35,0,1,7
deepseek_r1_distill_1p5b__gsm8k_train_00037_59a9e4e3__temp0.10__seed7,gsm8k_train_00037_59a9e4e3,hazard_drift,5,-0.2,1,1.0,1.2,0,1,4
deepseek_r1_distill_1p5b__gsm8k_train_00037_59a9e4e3__temp0.10__seed7,gsm8k_train_00037_59a9e4e3,empirical_bernstein,9,-0.4,1,1.0,1.4,0,1,8
deepseek_r1_distill_1p5b__gsm8k_train_00037_59a9e4e3__temp0.10__seed7,gsm8k_train_00037_59a9e4e3,never_stop,10,-0.45,1,1.0,1.45,0,1,9
deepseek_r1_distill_1p5b__gsm8k_train_00038_40afacc8__temp0.10__seed7,gsm8k_train_00038_40afacc8,oracle,4,0.85,4,0.85,0.0,0,0,0
deepseek_r1_distill_1p5b__gsm8k_train_00038_40afacc8__temp0.10__seed7,gsm8k_train_00038_40afacc8,first_answer,1,0.0,4,0.85,0.85,1,0,0
deepseek_r1_distill_1p5b__gsm8k_train_00038_40afacc8__temp0.10__seed7,gsm8k_train_00038_40afacc8,verifier_first_correct,4,0.85,4,0.85,0.0,0,0,0
deepseek_r1_distill_1p5b__gsm8k_train_00038_40afacc8__temp0.10__seed7,gsm8k_train_00038_40afacc8,answer_stability,10,-0.45,4,0.85,1.3,0,1,6
deepseek_r1_distill_1p5b__gsm8k_train_00038_40afacc8__temp0.10__seed7,gsm8k_train_00038_40afacc8,entropy_plateau,3,-0.1,4,0.85,0.95,1,0,0
deepseek_r1_distill_1p5b__gsm8k_train_00038_40afacc8__temp0.10__seed7,gsm8k_train_00038_40afacc8,hazard_drift,3,-0.1,4,0.85,0.95,1,0,0
deepseek_r1_distill_1p5b__gsm8k_train_00038_40afacc8__temp0.10__seed7,gsm8k_train_00038_40afacc8,empirical_bernstein,9,-0.4,4,0.85,1.25,0,1,5
deepseek_r1_distill_1p5b__gsm8k_train_00038_40afacc8__temp0.10__seed7,gsm8k_train_00038_40afacc8,never_stop,10,-0.45,4,0.85,1.3,0,1,6
deepseek_r1_distill_1p5b__gsm8k_train_00039_3f079edf__temp0.10__seed7,gsm8k_train_00039_3f079edf,oracle,3,0.9,3,0.9,0.0,0,0,0
deepseek_r1_distill_1p5b__gsm8k_train_00039_3f079edf__temp0.10__seed7,gsm8k_train_00039_3f079edf,first_answer,1,0.0,3,0.9,0.9,1,0,0
deepseek_r1_distill_1p5b__gsm8k_train_00039_3f079edf__temp0.10__seed7,gsm8k_train_00039_3f079edf,verifier_first_correct,3,0.9,3,0.9,0.0,0,0,0
deepseek_r1_distill_1p5b__gsm8k_train_00039_3f079edf__temp0.10__seed7,gsm8k_train_00039_3f079edf,answer_stability,10,-0.45,3,0.9,1.35,0,1,7
deepseek_r1_distill_1p5b__gsm8k_train_00039_3f079edf__temp0.10__seed7,gsm8k_train_00039_3f079edf,entropy_plateau,8,-0.35,3,0.9,1.25,0,1,5
deepseek_r1_distill_1p5b__gsm8k_train_00039_3f079edf__temp0.10__seed7,gsm8k_train_00039_3f079edf,hazard_drift,3,0.9,3,0.9,0.0,0,0,0
deepseek_r1_distill_1p5b__gsm8k_train_00039_3f079edf__temp0.10__seed7,gsm8k_train_00039_3f079edf,empirical_bernstein,9,-0.4,3,0.9,1.3,0,1,6
deepseek_r1_distill_1p5b__gsm8k_train_00039_3f079edf__temp0.10__seed7,gsm8k_train_00039_3f079edf,never_stop,10,-0.45,3,0.9,1.35,0,1,7
deepseek_r1_distill_1p5b__gsm8k_train_00040_26fced6d__temp0.10__seed7,gsm8k_train_00040_26fced6d,oracle,1,0.0,1,0.0,0.0,0,0,0
deepseek_r1_distill_1p5b__gsm8k_train_00040_26fced6d__temp0.10__seed7,gsm8k_train_00040_26fced6d,first_answer,1,0.0,1,0.0,0.0,0,0,0
deepseek_r1_distill_1p5b__gsm8k_train_00040_26fced6d__temp0.10__seed7,gsm8k_train_00040_26fced6d,verifier_first_correct,10,-0.45,1,0.0,0.45,0,1,9
deepseek_r1_distill_1p5b__gsm8k_train_00040_26fced6d__temp0.10__seed7,gsm8k_train_00040_26fced6d,answer_stability,10,-0.45,1,0.0,0.45,0,1,9
deepseek_r1_distill_1p5b__gsm8k_train_00040_26fced6d__temp0.10__seed7,gsm8k_train_00040_26fced6d,entropy_plateau,10,-0.45,1,0.0,0.45,0,1,9
deepseek_r1_distill_1p5b__gsm8k_train_00040_26fced6d__temp0.10__seed7,gsm8k_train_00040_26fced6d,hazard_drift,5,-0.2,1,0.0,0.2,0,1,4
deepseek_r1_distill_1p5b__gsm8k_train_00040_26fced6d__temp0.10__seed7,gsm8k_train_00040_26fced6d,empirical_bernstein,9,-0.4,1,0.0,0.4,0,1,8
deepseek_r1_distill_1p5b__gsm8k_train_00040_26fced6d__temp0.10__seed7,gsm8k_train_00040_26fced6d,never_stop,10,-0.45,1,0.0,0.45,0,1,9
deepseek_r1_distill_1p5b__gsm8k_train_00041_a5b39aca__temp0.10__seed7,gsm8k_train_00041_a5b39aca,oracle,1,1.0,1,1.0,0.0,0,0,0
deepseek_r1_distill_1p5b__gsm8k_train_00041_a5b39aca__temp0.10__seed7,gsm8k_train_00041_a5b39aca,first_answer,1,1.0,1,1.0,0.0,0,0,0
deepseek_r1_distill_1p5b__gsm8k_train_00041_a5b39aca__temp0.10__seed7,gsm8k_train_00041_a5b39aca,verifier_first_correct,1,1.0,1,1.0,0.0,0,0,0
deepseek_r1_distill_1p5b__gsm8k_train_00041_a5b39aca__temp0.10__seed7,gsm8k_train_00041_a5b39aca,answer_stability,10,-0.45,1,1.0,1.45,0,1,9
deepseek_r1_distill_1p5b__gsm8k_train_00041_a5b39aca__temp0.10__seed7,gsm8k_train_00041_a5b39aca,entropy_plateau,2,0.95,1,1.0,0.050000000000000044,0,1,1
deepseek_r1_distill_1p5b__gsm8k_train_00041_a5b39aca__temp0.10__seed7,gsm8k_train_00041_a5b39aca,hazard_drift,2,0.95,1,1.0,0.050000000000000044,0,1,1
deepseek_r1_distill_1p5b__gsm8k_train_00041_a5b39aca__temp0.10__seed7,gsm8k_train_00041_a5b39aca,empirical_bernstein,9,-0.4,1,1.0,1.4,0,1,8
deepseek_r1_distill_1p5b__gsm8k_train_00041_a5b39aca__temp0.10__seed7,gsm8k_train_00041_a5b39aca,never_stop,10,-0.45,1,1.0,1.45,0,1,9
deepseek_r1_distill_1p5b__gsm8k_train_00042_90e751d7__temp0.10__seed7,gsm8k_train_00042_90e751d7,oracle,1,0.0,1,0.0,0.0,0,0,0
deepseek_r1_distill_1p5b__gsm8k_train_00042_90e751d7__temp0.10__seed7,gsm8k_train_00042_90e751d7,first_answer,1,0.0,1,0.0,0.0,0,0,0
deepseek_r1_distill_1p5b__gsm8k_train_00042_90e751d7__temp0.10__seed7,gsm8k_train_00042_90e751d7,verifier_first_correct,10,-0.45,1,0.0,0.45,0,1,9
deepseek_r1_distill_1p5b__gsm8k_train_00042_90e751d7__temp0.10__seed7,gsm8k_train_00042_90e751d7,answer_stability,10,-0.45,1,0.0,0.45,0,1,9
deepseek_r1_distill_1p5b__gsm8k_train_00042_90e751d7__temp0.10__seed7,gsm8k_train_00042_90e751d7,entropy_plateau,10,-0.45,1,0.0,0.45,0,1,9
deepseek_r1_distill_1p5b__gsm8k_train_00042_90e751d7__temp0.10__seed7,gsm8k_train_00042_90e751d7,hazard_drift,2,-0.05,1,0.0,0.05,0,1,1
deepseek_r1_distill_1p5b__gsm8k_train_00042_90e751d7__temp0.10__seed7,gsm8k_train_00042_90e751d7,empirical_bernstein,9,-0.4,1,0.0,0.4,0,1,8
deepseek_r1_distill_1p5b__gsm8k_train_00042_90e751d7__temp0.10__seed7,gsm8k_train_00042_90e751d7,never_stop,10,-0.45,1,0.0,0.45,0,1,9
deepseek_r1_distill_1p5b__gsm8k_train_00043_94f5ad37__temp0.10__seed7,gsm8k_train_00043_94f5ad37,oracle,2,0.95,2,0.95,0.0,0,0,0
deepseek_r1_distill_1p5b__gsm8k_train_00043_94f5ad37__temp0.10__seed7,gsm8k_train_00043_94f5ad37,first_answer,1,0.0,2,0.95,0.95,1,0,0
deepseek_r1_distill_1p5b__gsm8k_train_00043_94f5ad37__temp0.10__seed7,gsm8k_train_00043_94f5ad37,verifier_first_correct,2,0.95,2,0.95,0.0,0,0,0
deepseek_r1_distill_1p5b__gsm8k_train_00043_94f5ad37__temp0.10__seed7,gsm8k_train_00043_94f5ad37,answer_stability,10,0.55,2,0.95,0.3999999999999999,0,1,8
deepseek_r1_distill_1p5b__gsm8k_train_00043_94f5ad37__temp0.10__seed7,gsm8k_train_00043_94f5ad37,entropy_plateau,3,0.9,2,0.95,0.04999999999999993,0,1,1
deepseek_r1_distill_1p5b__gsm8k_train_00043_94f5ad37__temp0.10__seed7,gsm8k_train_00043_94f5ad37,hazard_drift,2,0.95,2,0.95,0.0,0,0,0
deepseek_r1_distill_1p5b__gsm8k_train_00043_94f5ad37__temp0.10__seed7,gsm8k_train_00043_94f5ad37,empirical_bernstein,9,-0.4,2,0.95,1.35,0,1,7
deepseek_r1_distill_1p5b__gsm8k_train_00043_94f5ad37__temp0.10__seed7,gsm8k_train_00043_94f5ad37,never_stop,10,0.55,2,0.95,0.3999999999999999,0,1,8
deepseek_r1_distill_1p5b__gsm8k_train_00044_9c745cd7__temp0.10__seed7,gsm8k_train_00044_9c745cd7,oracle,3,0.9,3,0.9,0.0,0,0,0
deepseek_r1_distill_1p5b__gsm8k_train_00044_9c745cd7__temp0.10__seed7,gsm8k_train_00044_9c745cd7,first_answer,1,0.0,3,0.9,0.9,1,0,0
deepseek_r1_distill_1p5b__gsm8k_train_00044_9c745cd7__temp0.10__seed7,gsm8k_train_00044_9c745cd7,verifier_first_correct,3,0.9,3,0.9,0.0,0,0,0
deepseek_r1_distill_1p5b__gsm8k_train_00044_9c745cd7__temp0.10__seed7,gsm8k_train_00044_9c745cd7,answer_stability,10,0.55,3,0.9,0.35,0,1,7
deepseek_r1_distill_1p5b__gsm8k_train_00044_9c745cd7__temp0.10__seed7,gsm8k_train_00044_9c745cd7,entropy_plateau,4,0.85,3,0.9,0.050000000000000044,0,1,1
deepseek_r1_distill_1p5b__gsm8k_train_00044_9c745cd7__temp0.10__seed7,gsm8k_train_00044_9c745cd7,hazard_drift,2,-0.05,3,0.9,0.9500000000000001,1,0,0
deepseek_r1_distill_1p5b__gsm8k_train_00044_9c745cd7__temp0.10__seed7,gsm8k_train_00044_9c745cd7,empirical_bernstein,9,0.6,3,0.9,0.30000000000000004,0,1,6
deepseek_r1_distill_1p5b__gsm8k_train_00044_9c745cd7__temp0.10__seed7,gsm8k_train_00044_9c745cd7,never_stop,10,0.55,3,0.9,0.35,0,1,7
deepseek_r1_distill_1p5b__gsm8k_train_00045_6652e47d__temp0.10__seed7,gsm8k_train_00045_6652e47d,oracle,1,1.0,1,1.0,0.0,0,0,0
deepseek_r1_distill_1p5b__gsm8k_train_00045_6652e47d__temp0.10__seed7,gsm8k_train_00045_6652e47d,first_answer,1,1.0,1,1.0,0.0,0,0,0
deepseek_r1_distill_1p5b__gsm8k_train_00045_6652e47d__temp0.10__seed7,gsm8k_train_00045_6652e47d,verifier_first_correct,1,1.0,1,1.0,0.0,0,0,0
deepseek_r1_distill_1p5b__gsm8k_train_00045_6652e47d__temp0.10__seed7,gsm8k_train_00045_6652e47d,answer_stability,10,0.55,1,1.0,0.44999999999999996,0,1,9
deepseek_r1_distill_1p5b__gsm8k_train_00045_6652e47d__temp0.10__seed7,gsm8k_train_00045_6652e47d,entropy_plateau,2,0.95,1,1.0,0.050000000000000044,0,1,1
deepseek_r1_distill_1p5b__gsm8k_train_00045_6652e47d__temp0.10__seed7,gsm8k_train_00045_6652e47d,hazard_drift,2,0.95,1,1.0,0.050000000000000044,0,1,1
deepseek_r1_distill_1p5b__gsm8k_train_00045_6652e47d__temp0.10__seed7,gsm8k_train_00045_6652e47d,empirical_bernstein,9,0.6,1,1.0,0.4,0,1,8
deepseek_r1_distill_1p5b__gsm8k_train_00045_6652e47d__temp0.10__seed7,gsm8k_train_00045_6652e47d,never_stop,10,0.55,1,1.0,0.44999999999999996,0,1,9
deepseek_r1_distill_1p5b__gsm8k_train_00046_9575ad8f__temp0.10__seed7,gsm8k_train_00046_9575ad8f,oracle,1,1.0,1,1.0,0.0,0,0,0
deepseek_r1_distill_1p5b__gsm8k_train_00046_9575ad8f__temp0.10__seed7,gsm8k_train_00046_9575ad8f,first_answer,1,1.0,1,1.0,0.0,0,0,0
deepseek_r1_distill_1p5b__gsm8k_train_00046_9575ad8f__temp0.10__seed7,gsm8k_train_00046_9575ad8f,verifier_first_correct,1,1.0,1,1.0,0.0,0,0,0
deepseek_r1_distill_1p5b__gsm8k_train_00046_9575ad8f__temp0.10__seed7,gsm8k_train_00046_9575ad8f,answer_stability,10,0.55,1,1.0,0.44999999999999996,0,1,9
deepseek_r1_distill_1p5b__gsm8k_train_00046_9575ad8f__temp0.10__seed7,gsm8k_train_00046_9575ad8f,entropy_plateau,4,0.85,1,1.0,0.15000000000000002,0,1,3
deepseek_r1_distill_1p5b__gsm8k_train_00046_9575ad8f__temp0.10__seed7,gsm8k_train_00046_9575ad8f,hazard_drift,4,0.85,1,1.0,0.15000000000000002,0,1,3
deepseek_r1_distill_1p5b__gsm8k_train_00046_9575ad8f__temp0.10__seed7,gsm8k_train_00046_9575ad8f,empirical_bernstein,9,0.6,1,1.0,0.4,0,1,8
deepseek_r1_distill_1p5b__gsm8k_train_00046_9575ad8f__temp0.10__seed7,gsm8k_train_00046_9575ad8f,never_stop,10,0.55,1,1.0,0.44999999999999996,0,1,9
deepseek_r1_distill_1p5b__gsm8k_train_00047_f2440a00__temp0.10__seed7,gsm8k_train_00047_f2440a00,oracle,4,0.85,4,0.85,0.0,0,0,0
deepseek_r1_distill_1p5b__gsm8k_train_00047_f2440a00__temp0.10__seed7,gsm8k_train_00047_f2440a00,first_answer,1,0.0,4,0.85,0.85,1,0,0
deepseek_r1_distill_1p5b__gsm8k_train_00047_f2440a00__temp0.10__seed7,gsm8k_train_00047_f2440a00,verifier_first_correct,4,0.85,4,0.85,0.0,0,0,0
deepseek_r1_distill_1p5b__gsm8k_train_00047_f2440a00__temp0.10__seed7,gsm8k_train_00047_f2440a00,answer_stability,10,0.55,4,0.85,0.29999999999999993,0,1,6
deepseek_r1_distill_1p5b__gsm8k_train_00047_f2440a00__temp0.10__seed7,gsm8k_train_00047_f2440a00,entropy_plateau,8,0.6499999999999999,4,0.85,0.20000000000000007,0,1,4
deepseek_r1_distill_1p5b__gsm8k_train_00047_f2440a00__temp0.10__seed7,gsm8k_train_00047_f2440a00,hazard_drift,2,-0.05,4,0.85,0.9,1,0,0
deepseek_r1_distill_1p5b__gsm8k_train_00047_f2440a00__temp0.10__seed7,gsm8k_train_00047_f2440a00,empirical_bernstein,9,0.6,4,0.85,0.25,0,1,5
deepseek_r1_distill_1p5b__gsm8k_train_00047_f2440a00__temp0.10__seed7,gsm8k_train_00047_f2440a00,never_stop,10,0.55,4,0.85,0.29999999999999993,0,1,6
